"Id"	"Prompt"	"Wavfile"	"RecResult"	"Transcription"	"language"	"meaning"	"Trace"
"27"	"Sag: Ich habe keine Reservation"	"user-265_2014-12-17_06-47-14_utt_006.wav"	"i don't have a reservation for liz water a room for one younger one forty room is vis to three good lisbon for seven nights"	"i don't have a reservation -xxx"	"correct"	"correct"	"M: 3-1 H: 2-1"
"58"	"Frag: ein Ticket nach Notting Hill"	"user-260_2014-12-10_06-56-11_utt_018.wav"	"a ticket to notting hill"	"a ticket to nothing hill"	"incorrect"	"correct"	"M: 1-3 H: 1-2"
"59"	"Frag: ein Ticket nach Notting Hill"	"user-260_2014-12-10_06-56-11_utt_019.wav"	"a ticket to notting hill"	"a ticket to nothing hill"	"incorrect"	"correct"	"M: 1-3 H: 1-2"
"62"	"Sag: Ich möchte mit Visa bezahlen"	"user-260_2014-12-10_06-56-11_utt_022.wav"	"i would like to pay with visa"	"i would to like to pay with visa"	"incorrect"	"correct"	"M: 2-2 H: 1-2"
"111"	"Sag: Ich möchte um 14 Uhr morgen abreisen"	"user-283_2014-12-16_08-28-54_utt_020.wav"	"i want to leave at two o'clock"	"i want to leave at two o'clock"	"incorrect"	"incorrect"	"M: 1-3 H: 1-2"
"125"	"Sag: Ich habe keine Reservation"	"user-278_2014-12-16_08-25-57_utt_017.wav"	"i don't have any reservation i don't have any reservation"	"i don't have any reservation i don't have any reservation"	"correct"	"correct"	"M: 3-1 H: 2-1"
"152"	"Frag: 5 Tickets nach London"	"user-270_2014-12-16_16-54-48_utt_004.wav"	"i would like five tickets to london"	"i would five tickets to london"	"incorrect"	"correct"	"M: 2-2 H: 1-2"
"167"	"Frag: ein Ticket für Donnerstagabend"	"user-270_2014-12-16_16-54-48_utt_026.wav"	"i would like tickets for tuesday night"	"i would like tickets for tuesday night"	"incorrect"	"incorrect"	"M: 3-1 H: 1-2"
"175"	"Frag: ein Steak"	"user-270_2014-12-16_16-54-48_utt_037.wav"	"i would like a steak"	"i would like a steak*z"	"incorrect"	"correct"	"M: 3-1 H: 1-2"
"176"	"Frag: mein Steak blau"	"user-270_2014-12-16_16-54-48_utt_038.wav"	"i would like my any my steak blue"	"i would like me my steak*z blue"	"correct"	"correct"	"M: 3-1 H: 2-1"
"177"	"Frag: mein Steak blau"	"user-270_2014-12-16_16-54-48_utt_039.wav"	"i would like my steak blue"	"i would like my steak*z blue"	"correct"	"correct"	"M: 2-2 H: 2-1"
"216"	"Frag: Zimmer für 7 Nächte"	"user-280_2014-11-27_06-57-09_utt_003.wav"	"for seven nights"	"for seven nights"	"incorrect"	"correct"	"M: 3-1 H: 1-2"
"233"	"Frag: Zimmer für 7 Nächte"	"user-280_2014-12-16_08-38-33_utt_005.wav"	"i have a room for seven nights red euro"	"i would have a room for seven nights -xxx"	"incorrect"	"correct"	"M: 2-2 H: 1-2"
"284"	"Frag: eine L"	"user-281_2014-12-09_15-31-48_utt_076.wav"	"big"	"big"	"incorrect"	"correct"	"M: 2-2 H: 1-2"
"297"	"Frag: Zimmer für 5 Nächte"	"user-289_2014-11-27_06-45-36_utt_003.wav"	"room for five nights"	"room for five nights"	"correct"	"correct"	"M: 3-1 H: 2-1"
"346"	"Sag: Ich möchte mit Euros bezahlen"	"user-282_2014-12-16_08-27-04_utt_009.wav"	"i want pay with euros"	"i wanna pay with euros"	"correct"	"correct"	"M: 2-2 H: 2-1"
"350"	"Frag: Stiefel"	"user-282_2014-12-16_08-27-04_utt_017.wav"	"i want an orange juice"	"i wanna buy some boots"	"correct"	"correct"	"M: 2-2 H: 2-1"
"351"	"Frag: braune Stiefel"	"user-282_2014-12-16_08-27-04_utt_018.wav"	"i want a room for"	"i wanna have brown boots"	"correct"	"correct"	"M: 2-2 H: 2-1"
"358"	"Frag: Himbeersorbet"	"user-23_2014-11-03_09-47-09_utt_015.wav"	"i would lion cake silvia with raspberry"	"i would like the sorbet with raspberry"	"incorrect"	"correct"	"M: 1-3 H: 1-2"
"365"	"Sag: Ich habe keine Reservation"	"user-32_2014-10-29_14-32-01_utt_002.wav"	"i have row roast reservation"	"i haven't reser*a reservation"	"incorrect"	"correct"	"M: 1-3 H: 1-2"
"370"	"Sag: Ich möchte mit Mastercard bezahlen"	"user-32_2014-10-29_14-32-01_utt_007.wav"	"can i pay with mastercard"	"can i pay by*z mastercard"	"correct"	"correct"	"M: 3-1 H: 2-1"
"383"	"Sag: Ich möchte mit Mastercard bezahlen"	"user-45_2014-10-29_13-11-30_utt_014.wav"	"i want to pay with mastercard"	"i would to pay with mastercard"	"correct"	"correct"	"M: 1-3 H: 2-1"
"389"	"Sag: Ich möchte mit Dollars bezahlen"	"user-45_2014-10-29_13-11-30_utt_022.wav"	"i want pay with dollars"	"i will pay with dollars"	"incorrect"	"correct"	"M: 2-2 H: 1-2"
"392"	"Frag: Sandalen"	"user-45_2014-10-29_13-11-30_utt_029.wav"	"i would like the bill"	"i would like the sandals"	"incorrect"	"correct"	"M: 3-1 H: 1-2"
"399"	"Sag: Ich habe keine Reservation"	"user-45_2014-11-05_12-33-21_utt_003.wav"	"no i haven't got a reservation"	"no i haven't a reservation"	"incorrect"	"correct"	"M: 1-3 H: 1-2"
"415"	"Sag: Ich habe keine Reservation"	"user-45_2014-11-05_12-33-21_utt_027.wav"	"no i haven't got a reservation"	"no i haven't a reservation"	"incorrect"	"correct"	"M: 1-3 H: 1-2"
"451"	"Sag: Im Zimmer hat es kein Duschgel"	"user-45_2014-11-05_12-58-17_utt_036.wav"	"there isn't samuel in the room"	"there isn't shower gel*z in the room"	"incorrect"	"correct"	"M: 1-3 H: 1-2"
"478"	"Sag: Ich habe kleinere Note"	"user-45_2014-11-05_12-58-17_utt_075.wav"	"i have no room"	"i have no -xxx- notes"	"incorrect"	"incorrect"	"M: 3-1 H: 1-2"
"491"	"Frag: ein Ticket zum Trafalgar Square"	"user-45_2014-11-05_12-58-17_utt_096.wav"	"i'd like two musical tickets booster water please"	"i'd like a ticke*a ticket to the trafalgar*z square*z"	"incorrect"	"correct"	"M: 1-3 H: 1-2"
"506"	"Frag: Tickets für das London Eye"	"user-45_2014-11-05_12-58-17_utt_115.wav"	"i'd like a ticket for the london eye"	"i'd like a ticket for the london eye"	"correct"	"correct"	"M: 3-1 H: 2-1"
"517"	"Frag: eine L"	"user-45_2014-11-05_12-58-17_utt_129.wav"	"jeans"	"big"	"incorrect"	"correct"	"M: 2-2 H: 1-2"
"518"	"Frag: eine L"	"user-45_2014-11-05_12-58-17_utt_130.wav"	"i am a water"	"i am a larger"	"incorrect"	"correct"	"M: 3-1 H: 1-2"
"519"	"Frag: eine L"	"user-45_2014-11-05_12-58-17_utt_131.wav"	"i want water"	"i am a larger"	"incorrect"	"correct"	"M: 3-1 H: 1-2"
"542"	"Sag: Ich bin aus Österreich"	"user-45_2014-11-06_19-16-32_utt_028.wav"	"i'm from australia"	"i'm from australia"	"incorrect"	"incorrect"	"M: 3-1 H: 1-2"
"547"	"Sag: Ich heisse Sarah"	"user-45_2014-11-06_19-16-32_utt_035.wav"	"my name is barbara"	"my name is sarah*z"	"incorrect"	"incorrect"	"M: 3-1 H: 1-2"
"548"	"Sag: Ich heisse Sarah"	"user-45_2014-11-06_19-16-32_utt_036.wav"	"my name is barbara"	"my name is sarah*z"	"incorrect"	"incorrect"	"M: 3-1 H: 1-2"
"579"	"Sag: Ich heisse Sarah"	"user-45_2014-11-06_19-16-32_utt_089.wav"	"my name is barbara"	"my name is sarah*z"	"incorrect"	"incorrect"	"M: 3-1 H: 1-2"
"610"	"Frag: ein Steak"	"user-45_2014-11-08_19-38-17_utt_021.wav"	"i'd like a suite"	"i'd like the steak*z"	"incorrect"	"correct"	"M: 3-1 H: 1-2"
"612"	"Frag: ein Steak"	"user-45_2014-11-08_19-38-17_utt_023.wav"	"i want a suite"	"i want a steak*z"	"incorrect"	"correct"	"M: 3-1 H: 1-2"
"627"	"Frag: Rhabarberkuchen"	"user-45_2014-11-08_19-38-17_utt_042.wav"	"i would like brown pants"	"i would like the rhabarber*v pie"	"incorrect"	"correct"	"M: 2-2 H: 1-2"
"653"	"Frag: Hosen"	"user-45_2014-11-08_19-38-17_utt_080.wav"	"i would like some jeans"	"i'd like some jeans"	"incorrect"	"correct"	"M: 1-3 H: 1-2"
"666"	"Frag: Jeans"	"user-45_2014-11-08_19-38-17_utt_096.wav"	"i would like sandals"	"i'd like trousers"	"incorrect"	"correct"	"M: 3-1 H: 1-2"
"724"	"Frag: Pommes Frittes"	"user-45_2014-11-09_11-28-41_utt_029.wav"	"i want french fries"	"i want french fries"	"incorrect"	"correct"	"M: 3-1 H: 1-2"
"725"	"Frag: Pommes Frittes"	"user-45_2014-11-09_11-28-41_utt_030.wav"	"i want french fries"	"i want french fries"	"incorrect"	"correct"	"M: 3-1 H: 1-2"
"755"	"Frag: Bohnen"	"user-45_2014-11-09_11-28-41_utt_069.wav"	"i'd like the jeans"	"i'd like the beans"	"incorrect"	"correct"	"M: 3-1 H: 1-2"
"761"	"Frag: Wo ist die Tate Modern?"	"user-45_2014-11-09_11-28-41_utt_079.wav"	"where is the tate modern"	"where is tate modern"	"incorrect"	"correct"	"M: 3-1 H: 1-2"
"771"	"Sag: Ich muss gehen"	"user-45_2014-11-09_11-28-41_utt_093.wav"	"i want to go"	"i want to go"	"incorrect"	"incorrect"	"M: 4-0 H: 0-3"
"794"	"Sag: Ich möchte mit Visa bezahlen"	"user-45_2014-11-19_11-17-56_utt_050.wav"	"i like to pay by visa"	"like to pay by visa"	"correct"	"correct"	"M: 3-1 H: 2-1"
"795"	"Frag: Gibt es einen Lebensmittelladen?"	"user-45_2014-11-19_11-17-56_utt_051.wav"	"is there a grocery store"	"is there a grocery story"	"incorrect"	"correct"	"M: 2-2 H: 1-2"
"806"	"Sag: Im Zimmer hat es keinen Haarföhn"	"user-45_2014-11-19_11-17-56_utt_073.wav"	"in the room there a no hairdryer"	"in the room there was no hairdryer"	"correct"	"correct"	"M: 1-3 H: 2-1"
"816"	"Sag: Im Zimmer hat es kein Duschgel"	"user-45_2014-11-19_11-17-56_utt_088.wav"	"the tower is near room"	"there isn't shower gel*z in the room"	"correct"	"correct"	"M: 1-3 H: 2-1"
"817"	"Sag: Im Zimmer hat es kein Duschgel"	"user-45_2014-11-19_11-17-56_utt_089.wav"	"where is the tower is in the room"	"there isn't shower gel*z in the room"	"correct"	"correct"	"M: 1-3 H: 2-1"
"822"	"Sag: Ich möchte mit Mastercard bezahlen"	"user-45_2014-11-19_11-50-52_utt_009.wav"	"i will pay by mastercard"	"i will pay by mastercard"	"incorrect"	"correct"	"M: 3-1 H: 1-2"
"872"	"Frag: Wo ist Madame Tussauds?"	"user-45_2014-11-19_11-50-52_utt_079.wav"	"where is madame hairdryer"	"where is madame tussauds*z"	"incorrect"	"correct"	"M: 3-1 H: 1-2"
"903"	"Frag: eine L"	"user-45_2014-11-19_11-50-52_utt_118.wav"	"jeans"	"big"	"incorrect"	"correct"	"M: 2-2 H: 1-2"
"923"	"Frag: eine Scotch Broth"	"user-45_2014-11-19_11-50-52_utt_143.wav"	"i'd like a orange row"	"i'd like a scotch brow*z"	"incorrect"	"correct"	"M: 2-2 H: 1-2"
"938"	"Sag: Ich habe keine Reservation"	"user-45_2014-11-19_11-50-52_utt_162.wav"	"no i haven't got a reservation"	"no i haven't a reservation"	"incorrect"	"correct"	"M: 1-3 H: 1-2"
"954"	"Sag: Ich habe keine Reservation"	"user-45_2014-11-19_11-50-52_utt_187.wav"	"no i haven't got a reservation"	"no i haven't a reservation"	"incorrect"	"correct"	"M: 1-3 H: 1-2"
"986"	"Sag: Ich möchte um 12 Uhr morgen abreisen"	"user-45_2014-11-19_11-50-52_utt_230.wav"	"i want to leave at five o'clock am"	"i want to leave at twelve o'clock a m"	"incorrect"	"incorrect"	"M: 2-2 H: 1-2"
"1002"	"Frag: ein Ticket nach Notting Hill"	"user-45_2014-11-19_11-50-52_utt_254.wav"	"i'd like a ticket to notting hill"	"i'd like a ticket to nothing hill"	"incorrect"	"correct"	"M: 1-3 H: 1-2"
"1003"	"Frag: ein Ticket nach Notting Hill"	"user-45_2014-11-19_11-50-52_utt_255.wav"	"i'd like a ticket to notting boots"	"i'd like a ticket to nothing hill"	"correct"	"correct"	"M: 1-3 H: 2-1"
"1028"	"Frag: 4 Tickets für Wicked"	"user-45_2014-11-19_11-50-52_utt_289.wav"	"i would like four tickets for boots please"	"i'd like four tickets for wicked*z"	"incorrect"	"incorrect"	"M: 3-1 H: 1-2"
"1037"	"Frag: Ticket für dieses Musical"	"user-45_2014-11-19_11-50-52_utt_301.wav"	"i'd like tickets for the musical"	"i'd like tickets for that musical"	"incorrect"	"correct"	"M: 3-1 H: 1-2"
"1044"	"Frag: ein Ticket für Samstagabend"	"user-45_2014-11-19_11-50-52_utt_310.wav"	"i'd like a ticket for saturday evening"	"i'd a ticket for saturday evening"	"correct"	"correct"	"M: 2-2 H: 2-1"
"1047"	"Frag: ein Ticket für Wicked"	"user-45_2014-11-19_11-50-52_utt_314.wav"	"a ticket for wicked"	"a ticket for wicked*z"	"incorrect"	"correct"	"M: 3-1 H: 1-2"
"1060"	"Sag: Ich warte auf das bestellte Essen"	"user-45_2014-11-19_11-50-52_utt_332.wav"	"i want four the ordered food"	"i'm waiting for the ordered food"	"incorrect"	"correct"	"M: 1-3 H: 1-2"
"1062"	"Sag: Ich warte auf das bestellte Essen"	"user-45_2014-11-19_11-50-52_utt_334.wav"	"i need three tickets for the bar red boots"	"i'm waiting for the ordered food"	"incorrect"	"correct"	"M: 1-3 H: 1-2"
"1070"	"Frag: einen Tee"	"user-45_2014-11-19_11-50-52_utt_345.wav"	"i'd like a please"	"i'd like a tee*v"	"correct"	"correct"	"M: 3-1 H: 2-1"
"1074"	"Frag: ein Steak"	"user-45_2014-11-19_11-50-52_utt_350.wav"	"i would like a suite"	"i like the steak"	"correct"	"correct"	"M: 2-2 H: 2-1"
"1126"	"Frag: Wo ist die Tate Modern?"	"user-45_2014-11-19_11-50-52_utt_424.wav"	"where is the tate modern"	"where is tate modern"	"incorrect"	"correct"	"M: 3-1 H: 1-2"
"1137"	"Frag: ein violettes Hemd"	"user-45_2014-11-19_11-50-52_utt_439.wav"	"i'd like blue shirt"	"i'd like the violet*z shirt"	"incorrect"	"correct"	"M: 1-3 H: 1-2"
"1138"	"Frag: ein violettes Hemd"	"user-45_2014-11-19_11-50-52_utt_440.wav"	"i'd like to buy white shirt"	"i'd like the violet shirt"	"incorrect"	"correct"	"M: 1-3 H: 1-2"
"1139"	"Frag: ein violettes Hemd"	"user-45_2014-11-19_11-50-52_utt_441.wav"	"i'd like a like shirt"	"i'd like a violet*z shirt"	"incorrect"	"correct"	"M: 1-3 H: 1-2"
"1148"	"Frag: ein gelbes T-Shirt"	"user-45_2014-11-19_11-50-52_utt_454.wav"	"i'd like a yellow tee shirt"	"i'd like a uh yellow shirt"	"incorrect"	"incorrect"	"M: 2-2 H: 1-2"
"1154"	"Sag du möchtest nicht: dieses T-Shirt"	"user-45_2014-11-19_11-50-52_utt_461.wav"	"i'd like i don't like the tee shirt"	"i'd like i don't like this t-shirt"	"correct"	"correct"	"M: 2-2 H: 2-1"
"1204"	"Sag: Ich gehe in die Ferien"	"user-45_2014-11-19_16-32-57_utt_050.wav"	"i go on vacation"	"i go on vacation"	"incorrect"	"correct"	"M: 1-3 H: 1-2"
"1228"	"Sag: Ich möchte mit Mastercard bezahlen"	"user-45_2014-11-19_16-32-57_utt_085.wav"	"i like to pay by mastercard"	"i have to pay by mastercard"	"incorrect"	"correct"	"M: 3-1 H: 1-2"
"1233"	"Sag: Ich möchte mit Euros bezahlen"	"user-45_2014-11-19_16-32-57_utt_096.wav"	"can i pay with euros"	"can i pay with euros*z"	"incorrect"	"correct"	"M: 3-1 H: 1-2"
"1302"	"Sag: Ich gehe in die Ferien"	"user-46_2014-11-09_13-24-17_utt_034.wav"	"i am going on holidays"	"i'm going on holiday"	"correct"	"correct"	"M: 1-3 H: 2-1"
"1361"	"Frag: Gibt es einen Lift?"	"user-46_2014-11-09_13-24-17_utt_120.wav"	"is there a lift"	"is there a lift*z"	"incorrect"	"correct"	"M: 3-1 H: 1-2"
"1362"	"Frag: Wo ist der Lift?"	"user-46_2014-11-09_13-24-17_utt_121.wav"	"where is the lift"	"where is the lift*z"	"correct"	"correct"	"M: 3-1 H: 2-1"
"1389"	"Frag: Ich möchte die Dessertkarte"	"user-46_2014-11-09_13-24-17_utt_159.wav"	"i want the dessert card"	"i want the desert card"	"correct"	"correct"	"M: 1-3 H: 2-1"
"1547"	"Frag: Ich möchte die Dessertkarte"	"user-48_2014-11-14_15-39-25_utt_016.wav"	"the dessert menu"	"the desert menu"	"correct"	"correct"	"M: 1-3 H: 2-1"
"1548"	"Frag: Rhabarberkuchen"	"user-48_2014-11-14_15-39-25_utt_017.wav"	"i would like the rhubarb pie"	"i would like the rhubarb*z pie"	"correct"	"correct"	"M: 2-2 H: 2-1"
"1629"	"Frag: Junior Suite"	"user-51_2014-11-03_14-37-59_utt_004.wav"	"junior suite"	"ggg junior suite*z"	"incorrect"	"correct"	"M: 2-2 H: 1-2"
"1643"	"Sag: Ich möchte mit Kreditkarte bezahlen"	"user-51_2014-11-10_16-11-09_utt_009.wav"	"can i pay with visa"	"can i pay with visa"	"correct"	"correct"	"M: 3-1 H: 2-1"
"1667"	"Frag: Wo ist das Schwimmbad?"	"user-51_2014-11-10_16-11-09_utt_047.wav"	"where is the national swimming pool"	"where is the indoor swimming pool"	"correct"	"correct"	"M: 1-3 H: 2-1"
"1720"	"Sag: Ich heisse Andrew"	"user-51_2014-11-10_16-11-09_utt_124.wav"	"my name is andy"	"my name is andrei"	"incorrect"	"incorrect"	"M: 3-1 H: 1-2"
"1736"	"Sag: Ich möchte in der zehnten Reihe sitzen"	"user-51_2014-11-10_16-11-09_utt_145.wav"	"i would like to sit in the tenth row"	"i would like to sit in the tenth room"	"incorrect"	"correct"	"M: 2-2 H: 1-2"
"1740"	"Frag: ein Steak"	"user-51_2014-11-10_16-11-09_utt_152.wav"	"i would like the steak"	"i would like a steak*z"	"incorrect"	"correct"	"M: 3-1 H: 1-2"
"1741"	"Frag: mein Steak medium"	"user-51_2014-11-10_16-11-09_utt_153.wav"	"i would like my steak medium"	"i would like my steak*z medium"	"correct"	"correct"	"M: 2-2 H: 2-1"
"1745"	"Frag: Vanilleglace"	"user-51_2014-11-10_16-11-09_utt_157.wav"	"could i have the vanilla ice cream"	"could i have the vanille*v ice cream"	"correct"	"correct"	"M: 3-1 H: 2-1"
"1746"	"Frag: Vanilleglace"	"user-51_2014-11-10_16-11-09_utt_158.wav"	"could i have could i have the vanilla ice cream"	"could i have could i have the vanille*v ice cream"	"incorrect"	"correct"	"M: 2-2 H: 1-2"
"1776"	"Frag: Gibt es einen Lebensmittelladen?"	"user-51_2014-11-10_16-11-09_utt_209.wav"	"is there a green trousers"	"is there a greengrocer"	"incorrect"	"incorrect"	"M: 1-3 H: 1-2"
"1801"	"Frag: Wo ist der Tower?"	"user-51_2014-11-10_16-11-09_utt_244.wav"	"can you give interconnections to the tower of london"	"can you give me the directions to the tower of london"	"incorrect"	"correct"	"M: 2-2 H: 1-2"
"1817"	"Sag: Deutschland ist in Europa"	"user-51_2014-11-16_15-47-21_utt_019.wav"	"germany is in europe"	"german is in europe"	"incorrect"	"correct"	"M: 1-3 H: 1-2"
"1881"	"Frag: ein Wasser mit Kohlensäure"	"user-51_2014-11-16_15-54-14_utt_101.wav"	"i would like tomorrow water"	"i would like a mineral water"	"incorrect"	"correct"	"M: 2-2 H: 1-2"
"1888"	"Frag: Ich möchte die Rechnung"	"user-51_2014-11-16_15-54-14_utt_108.wav"	"i would like the bill i would like a sweatshirt"	"i would like the bill i would like the clerk"	"incorrect"	"correct"	"M: 2-2 H: 1-2"
"1924"	"Sag: Ich möchte mit Postkarte bezahlen"	"user-56_2014-11-06_16-32-06_utt_007.wav"	"i would like to pay with post card"	"i would like to pay by*z post card"	"correct"	"correct"	"M: 2-2 H: 2-1"
"1949"	"Sag: Ich möchte mit Kreditkarte bezahlen"	"user-56_2014-11-06_16-32-06_utt_042.wav"	"i would buy with a credit card"	"i would like to pay with mastercard credit card"	"incorrect"	"correct"	"M: 2-2 H: 1-2"
"1986"	"Frag: 4 Tickets für Freitagabend"	"user-57_2014-10-24_17-52-51_utt_037.wav"	"four tickets for at friday afternoon"	"four tickets for uh friday afternoon"	"incorrect"	"correct"	"M: 1-3 H: 1-2"
"2023"	"Frag: eine L"	"user-57_2014-10-24_17-52-51_utt_086.wav"	"i am a large"	"i am a large*z"	"incorrect"	"correct"	"M: 3-1 H: 1-2"
"2029"	"Sag: Ich habe 4 jüngere Schwestern"	"user-57_2014-10-24_17-52-51_utt_098.wav"	"i have four younger sisters"	"i have four young sister"	"incorrect"	"correct"	"M: 2-2 H: 1-2"
"2049"	"Sag: Die Hauptstadt von Portugal ist Lissabon"	"user-57_2014-10-25_10-33-52_utt_013.wav"	"the capital of portugal is lisbon"	"the capital of portugal is lissabon*v"	"incorrect"	"correct"	"M: 2-2 H: 1-2"
"2060"	"Frag: 2 Tickets für Montagabend"	"user-57_2014-10-25_10-33-52_utt_028.wav"	"two tickets for monday afternoon please"	"two tickets for monday afternoon please"	"incorrect"	"incorrect"	"M: 3-1 H: 1-2"
"2099"	"Frag: eine L"	"user-57_2014-10-25_10-33-52_utt_079.wav"	"i am a large"	"i'm a large*z"	"correct"	"correct"	"M: 3-1 H: 2-1"
"2106"	"Frag: Gibt es ein Hotelrestaurant?"	"user-57_2014-10-25_10-33-52_utt_095.wav"	"is there a hotel restaurant"	"is there a a restaurant"	"correct"	"correct"	"M: 3-1 H: 2-1"
"2131"	"Sag: Ich möchte in der achten Reihe sitzen"	"user-57_2014-10-30_18-43-25_utt_026.wav"	"i want to sit in the eighth row"	"i want to sit in the eight row"	"incorrect"	"correct"	"M: 2-2 H: 1-2"
"2145"	"Sag: Ich möchte mit Kreditkarte bezahlen"	"user-57_2014-10-30_18-43-25_utt_044.wav"	"can i pay with visa"	"can i pay with visa"	"incorrect"	"correct"	"M: 3-1 H: 1-2"
"2148"	"Frag: Wo ist der Tower?"	"user-57_2014-10-30_18-43-25_utt_049.wav"	"can you give me a ticket to the tower of london"	"can you give me the directions to the tower of london"	"incorrect"	"correct"	"M: 2-2 H: 1-2"
"2178"	"Sag: Die Hauptstadt von Portugal ist Lissabon"	"user-57_2014-11-03_11-23-59_utt_024.wav"	"the capital of portugal is lisbon"	"the capital of portugal is lissabon*v"	"incorrect"	"correct"	"M: 2-2 H: 1-2"
"2237"	"Sag: Ich bin aus Irland"	"user-57_2014-11-06_11-36-06_utt_029.wav"	"i am from ireland"	"i'm from ireland*z"	"correct"	"correct"	"M: 3-1 H: 2-1"
"2245"	"Sag: Ich gehe in die Ferien"	"user-57_2014-11-06_11-47-15_utt_010.wav"	"i am going on holidays"	"i'm going on holidays"	"incorrect"	"correct"	"M: 1-3 H: 1-2"
"2259"	"Sag: Ich möchte mit Pfund bezahlen"	"user-57_2014-11-06_16-53-24_utt_016.wav"	"can i pay with pounds"	"can i pay with pounds*z"	"correct"	"correct"	"M: 3-1 H: 2-1"
"2284"	"Frag: Wo ist das Science Museum?"	"user-57_2014-11-06_16-53-24_utt_047.wav"	"where is the science museum"	"where is the science*z museum"	"correct"	"correct"	"M: 3-1 H: 2-1"
"2307"	"Frag: Zimmer für 4 Nächte"	"user-57_2014-11-07_11-18-23_utt_004.wav"	"a room for four nights"	"room for four nights"	"correct"	"correct"	"M: 3-1 H: 2-1"
"2321"	"Sag: Ich habe 4 ältere Brüder"	"user-57_2014-11-07_11-18-23_utt_023.wav"	"i have four young older brothers"	"i have four year older brothers"	"incorrect"	"correct"	"M: 3-1 H: 1-2"
"2325"	"Frag: ein Ticket nach Notting Hill"	"user-57_2014-11-07_11-18-23_utt_029.wav"	"i would like a twin a ticket to notting hill"	"i would like a tick*a a ticket to notting*z hill"	"correct"	"correct"	"M: 3-1 H: 2-1"
"2327"	"Sag: Ich möchte mit Euros bezahlen"	"user-57_2014-11-07_11-18-23_utt_031.wav"	"can i pay with euros"	"can i pay with euro*z"	"incorrect"	"correct"	"M: 3-1 H: 1-2"
"2347"	"Frag: Wo ist Piccadilly Circus?"	"user-57_2014-11-07_11-18-23_utt_062.wav"	"where is the piccadilly circus"	"where is the piccadilly circus*z"	"incorrect"	"correct"	"M: 1-3 H: 1-2"
"2370"	"Sag: Ich möchte mit Euros bezahlen"	"user-57_2014-11-08_08-52-04_utt_008.wav"	"can i pay with euros"	"can i pay with euro*z"	"incorrect"	"correct"	"M: 3-1 H: 1-2"
"2386"	"Frag: ein Ticket zum Trafalgar Square"	"user-57_2014-11-08_08-52-04_utt_031.wav"	"i would like a ticket to trafalgar card"	"i would like a ticket to trafalgar*z scar"	"incorrect"	"correct"	"M: 2-2 H: 1-2"
"2397"	"Frag: Tickets für das London Eye"	"user-57_2014-11-08_08-52-04_utt_044.wav"	"i would like tickets for london eye"	"i would like tickets for london eye"	"incorrect"	"correct"	"M: 2-2 H: 1-2"
"2403"	"Frag: meinen Sonntagsbraten medium"	"user-57_2014-11-08_08-52-04_utt_053.wav"	"i would like my sunday roast medium i would like my sunday roast"	"i would like my sunday roast medium i would like my sunday roast"	"correct"	"correct"	"M: 2-2 H: 2-1"
"2435"	"Sag: Die Hauptstadt von Portugal ist Lissabon"	"user-57_2014-11-08_08-52-04_utt_098.wav"	"the capital of portugal is lisbon"	"the capital of portugal is lissabon*v"	"incorrect"	"correct"	"M: 2-2 H: 1-2"
"2472"	"Frag: meinen Sonntagsbraten rare"	"user-57_2014-11-10_16-20-38_utt_049.wav"	"i would like my sunday roast rare"	"i would like my sunday roast rare*z"	"correct"	"correct"	"M: 3-1 H: 2-1"
"2539"	"Frag: meinen Hamburger rare"	"user-57_2014-11-11_16-55-24_utt_054.wav"	"i would like my hamburger card"	"i would like my hamburger rare*z"	"incorrect"	"correct"	"M: 3-1 H: 1-2"
"2546"	"Frag: Wo ist Piccadilly Circus?"	"user-57_2014-11-11_16-55-24_utt_063.wav"	"where is the piccadilly circus"	"where is the piccadilly circus*z"	"incorrect"	"correct"	"M: 1-3 H: 1-2"
"2569"	"Frag: Gibt es einen Lift?"	"user-57_2014-11-12_11-54-21_utt_011.wav"	"is there an elevator"	"is there a elevator"	"incorrect"	"correct"	"M: 3-1 H: 1-2"
"2602"	"Sag: Ich möchte am Donnerstagabend gehen"	"user-57_2014-11-12_11-54-21_utt_058.wav"	"i would like to go on saturday museum"	"i would like to go on thirty evening"	"incorrect"	"incorrect"	"M: 2-2 H: 1-2"
"2609"	"Frag: eine Limonade"	"user-57_2014-11-12_11-54-21_utt_067.wav"	"i would like a lemonade"	"i would like a limonade*v"	"incorrect"	"correct"	"M: 3-1 H: 1-2"
"2646"	"Sag: Die Hauptstadt von Portugal ist Lissabon"	"user-57_2014-11-13_18-25-35_utt_022.wav"	"the capital of portugal is lisbon"	"the capital of portugal is lissabon*v"	"incorrect"	"correct"	"M: 2-2 H: 1-2"
"2660"	"Frag: 2 Tickets für das Phantom der Oper"	"user-57_2014-11-13_18-25-35_utt_041.wav"	"i would like two tickets for the phantom of water"	"i would like two tickets for the phantom of the oper*v"	"incorrect"	"correct"	"M: 2-2 H: 1-2"
"2666"	"Frag: ein Steak"	"user-57_2014-11-16_12-20-12_utt_003.wav"	"i would like steak"	"i would like steak*z"	"incorrect"	"correct"	"M: 3-1 H: 1-2"
"2697"	"Frag: Zimmer für 4 Nächte"	"user-57_2014-11-16_12-20-12_utt_045.wav"	"i would like for a room for four nights"	"i would like for a room for four nights"	"incorrect"	"correct"	"M: 2-2 H: 1-2"
"2713"	"Sag: Die Hauptstadt von Portugal ist Lissabon"	"user-57_2014-11-16_12-20-12_utt_066.wav"	"the capital of portugal is lisbon"	"the capital of portugal is lissabon*v"	"incorrect"	"correct"	"M: 2-2 H: 1-2"
"2767"	"Sag: Ich bin aus Italien"	"user-57_2014-11-17_15-33-36_utt_015.wav"	"i am from italian"	"i am from italia*v"	"incorrect"	"correct"	"M: 2-2 H: 1-2"
"2805"	"Sag: Es ist nahe der Bank of England"	"user-57_2014-11-17_15-33-36_utt_066.wav"	"this is near the bank of england"	"this is near the bank of england"	"correct"	"correct"	"M: 3-1 H: 2-1"
"2812"	"Frag: eine L"	"user-57_2014-11-17_15-33-36_utt_075.wav"	"large"	"large*z"	"incorrect"	"correct"	"M: 3-1 H: 1-2"
"2818"	"Sag: Ich möchte mit Euros bezahlen"	"user-57_2014-11-18_18-29-18_utt_007.wav"	"can i pay with euros"	"can i pay with euros*z"	"correct"	"correct"	"M: 3-1 H: 2-1"
"2820"	"Sag: Ich möchte mit Euros bezahlen"	"user-57_2014-11-18_18-29-18_utt_009.wav"	"can i pay with euros"	"can i pay with euros*z"	"correct"	"correct"	"M: 3-1 H: 2-1"
"2824"	"Sag: Ich heisse Andrew"	"user-57_2014-11-18_18-29-18_utt_016.wav"	"my name is andy"	"my name is andy"	"incorrect"	"incorrect"	"M: 3-1 H: 1-2"
"2844"	"Frag: ein Steak"	"user-57_2014-11-18_18-29-18_utt_044.wav"	"i would like the steak"	"i would like the steak*z"	"incorrect"	"correct"	"M: 3-1 H: 1-2"
"2845"	"Frag: mein Steak durchgebraten"	"user-57_2014-11-18_18-29-18_utt_045.wav"	"i would like my steak medium"	"i would like my steak*z medium"	"incorrect"	"incorrect"	"M: 3-1 H: 1-2"
"2852"	"Frag: Vanilleglace"	"user-57_2014-11-18_18-29-18_utt_053.wav"	"i would like arrive at"	"i would like vanilla glace*v ice"	"incorrect"	"correct"	"M: 2-2 H: 1-2"
"2867"	"Frag: Grösse 38"	"user-57_2014-11-18_18-29-18_utt_074.wav"	"thirty eight"	"me thirty eight"	"incorrect"	"correct"	"M: 2-2 H: 1-2"
"2870"	"Frag: eine L"	"user-57_2014-11-18_18-29-18_utt_077.wav"	"thanks"	"large*z"	"correct"	"correct"	"M: 3-1 H: 2-1"
"2871"	"Frag: eine L"	"user-57_2014-11-18_18-29-18_utt_078.wav"	"large"	"large*z"	"correct"	"correct"	"M: 3-1 H: 2-1"
"2880"	"Frag: Gibt es einen Lift?"	"user-57_2014-11-19_18-05-17_utt_008.wav"	"is there an elevator"	"is there a elevator"	"incorrect"	"correct"	"M: 3-1 H: 1-2"
"2887"	"Sag: Ich möchte am Donnerstagnachmittag abreisen"	"user-57_2014-11-19_18-05-17_utt_019.wav"	"i would like to leave on thursday are evening"	"i would like to leave on thursday*z a evening"	"incorrect"	"incorrect"	"M: 1-3 H: 1-2"
"2930"	"Frag: Pommes Frittes"	"user-73_2014-11-29_12-00-41_utt_035.wav"	"i want five"	"i want fries"	"incorrect"	"correct"	"M: 2-2 H: 1-2"
"2973"	"Frag: Gibt es ein Fitnessstudio?"	"user-73_2014-11-29_12-42-56_utt_022.wav"	"is there a gym"	"is there a gym*z"	"incorrect"	"correct"	"M: 3-1 H: 1-2"
"2974"	"Frag: Wo ist das Fitnessstudio?"	"user-73_2014-11-29_12-42-56_utt_023.wav"	"where is the gym"	"where is the gym*z"	"incorrect"	"correct"	"M: 3-1 H: 1-2"
"3008"	"Sag: Ich heisse Janet"	"user-73_2014-12-01_17-38-49_utt_014.wav"	"my name is janet"	"my name is janet*z"	"correct"	"correct"	"M: 3-1 H: 2-1"
"3011"	"Sag: Ich bin aus der Türkei"	"user-73_2014-12-01_17-38-49_utt_020.wav"	"i'm from turkey"	"i'm from turkey*z"	"correct"	"correct"	"M: 3-1 H: 2-1"
"3029"	"Frag: ein Steak"	"user-73_2014-12-01_17-38-49_utt_045.wav"	"i would like to eat the steak"	"i would like to eat the steak"	"correct"	"correct"	"M: 3-1 H: 2-1"
"3030"	"Frag: mein Steak blau"	"user-73_2014-12-01_17-38-49_utt_046.wav"	"i would like my steak blue"	"i would like my steak*z blue"	"incorrect"	"correct"	"M: 2-2 H: 1-2"
"3077"	"Sag: Kann ich mit Kreditkarte bezahlen"	"user-73_2014-12-02_17-30-05_utt_029.wav"	"can i want to pay by credit card"	"i can also*z pay by credit card"	"correct"	"correct"	"M: 3-1 H: 2-1"
"3124"	"Frag: Tickets für das London Eye"	"user-73_2014-12-07_11-38-03_utt_037.wav"	"i would like a ticket for the london eye"	"i would like a ticket for the london eye*z"	"incorrect"	"correct"	"M: 2-2 H: 1-2"
"3144"	"Sag: Ich möchte um 12 Uhr morgen abreisen"	"user-73_2014-12-08_18-25-51_utt_019.wav"	"i want to leave at twelve o'clock tomorrow"	"i want to leave by twelve o'clock tomorrow"	"incorrect"	"correct"	"M: 3-1 H: 1-2"
"3162"	"Sag: Ich heisse Paul"	"user-73_2014-12-08_18-25-51_utt_047.wav"	"my name is paul"	"my name is paul*v"	"correct"	"correct"	"M: 3-1 H: 2-1"
"3289"	"Frag: Zimmer für 7 Nächte"	"user-73_2014-12-09_14-38-04_utt_004.wav"	"a room for seven nights"	"a stay for seven nights"	"correct"	"correct"	"M: 2-2 H: 2-1"
"3316"	"Frag: ein Ticket für Billy Elliot"	"user-73_2014-12-09_14-38-04_utt_041.wav"	"can i have tickets for please a cardozo is too far is is nada hotel ticket ticket lisbon i would like five"	"can i have a ticket for billy elliot xxx i would like to buy a"	"correct"	"correct"	"M: 2-2 H: 2-1"
"3327"	"Frag: Ticket für dieses Musical"	"user-73_2014-12-09_14-38-04_utt_056.wav"	"can i have tickets for this musical leave"	"can i have tickets for this musical please"	"incorrect"	"correct"	"M: 3-1 H: 1-2"
"3346"	"Sag: Ich habe keine Reservation"	"user-73_2014-12-11_10-53-24_utt_002.wav"	"i have a reservation"	"i haven't any reservation"	"correct"	"correct"	"M: 2-2 H: 2-1"
"3387"	"Frag: 3 Musical-Tickets"	"user-73_2014-12-13_20-54-09_utt_056.wav"	"can i have three musical tickets"	"can i have three musical ticket"	"incorrect"	"correct"	"M: 2-2 H: 1-2"
"3437"	"Frag: ein Ticket für morgen Abend"	"user-73_2014-12-14_13-08-44_utt_023.wav"	"i would like to go tomorrow evening"	"i would like to go tomorrow evening"	"correct"	"correct"	"M: 3-1 H: 2-1"
"3479"	"Frag: Wo ist das London Eye?"	"user-73_2014-12-14_13-26-16_utt_056.wav"	"where is the monday"	"where is the london eye*z"	"incorrect"	"correct"	"M: 3-1 H: 1-2"
"3488"	"Frag: Grösse 42"	"user-73_2014-12-14_13-26-16_utt_069.wav"	"i would forty-two"	"i need forty-two"	"incorrect"	"correct"	"M: 3-1 H: 1-2"
"3495"	"Frag: Grösse 40"	"user-73_2014-12-14_13-26-16_utt_078.wav"	"i would forty"	"i need forty"	"incorrect"	"correct"	"M: 3-1 H: 1-2"
"3507"	"Frag: Grösse 36"	"user-73_2014-12-14_13-26-16_utt_091.wav"	"i need thirty six"	"i need thirty-six"	"incorrect"	"correct"	"M: 3-1 H: 1-2"
"3511"	"Frag: Wie viel kostet das T-Shirt?"	"user-73_2014-12-14_13-26-16_utt_096.wav"	"how much does with euro"	"how much does this t-shirt coast"	"correct"	"correct"	"M: 3-1 H: 2-1"
"3521"	"Frag: eine L"	"user-73_2014-12-14_13-26-16_utt_111.wav"	"i need a large"	"i need large"	"incorrect"	"correct"	"M: 3-1 H: 1-2"
"3522"	"Sag: Dies ist zu weit"	"user-73_2014-12-14_13-26-16_utt_112.wav"	"where is too big"	"that is too big"	"incorrect"	"correct"	"M: 2-2 H: 1-2"
"3530"	"Frag: Grösse 36"	"user-73_2014-12-14_13-26-16_utt_122.wav"	"i need thirty"	"i need thirty-six"	"incorrect"	"correct"	"M: 3-1 H: 1-2"
"3544"	"Sag: Die Hauptstadt von Deutschland ist Berlin"	"user-73_2014-12-14_13-26-16_utt_144.wav"	"the capital of german many is rome"	"the capital of germany is berlin"	"correct"	"correct"	"M: 0-4 H: 3-0"
"3606"	"Sag: Ich habe eine ältere Schwester"	"user-73_2014-12-16_19-38-40_utt_032.wav"	"i have a older sisters"	"i have a older sister"	"incorrect"	"correct"	"M: 3-1 H: 1-2"
"3610"	"Frag: ein Ticket zum Piccadilly Circus"	"user-73_2014-12-16_19-38-40_utt_037.wav"	"can i have a ticket to piccadilly circus"	"can i have a ticket to piccadilly*z circus"	"correct"	"correct"	"M: 3-1 H: 2-1"
"3635"	"Frag: Tickets für das London Eye"	"user-73_2014-12-16_19-38-40_utt_067.wav"	"can i have tickets for the holidays"	"can i have tickets for the london eye*z"	"incorrect"	"correct"	"M: 3-1 H: 1-2"
"3655"	"Frag: Grösse 41"	"user-73_2014-12-16_19-38-40_utt_097.wav"	"i need forty-one"	"i need forty-one"	"incorrect"	"correct"	"M: 3-1 H: 1-2"
"3676"	"Frag: Grösse 37"	"user-73_2014-12-16_19-38-40_utt_125.wav"	"i am a thirty-seven"	"i need thirty-seven"	"incorrect"	"correct"	"M: 2-2 H: 1-2"
"3685"	"Frag: Grösse 37"	"user-73_2014-12-16_19-38-40_utt_137.wav"	"i need thirty seven"	"i need thirty-seven"	"incorrect"	"correct"	"M: 2-2 H: 1-2"
"3688"	"Frag: eine S"	"user-73_2014-12-16_19-38-40_utt_141.wav"	"i am a small"	"i need small"	"incorrect"	"correct"	"M: 3-1 H: 1-2"
"3757"	"Sag: Ich habe keine Reservation"	"user-73_2014-12-16_20-53-50_utt_011.wav"	"i have a reservation"	"i haven't any reservation"	"correct"	"correct"	"M: 2-2 H: 2-1"
"3811"	"Sag: Big Ben ist neben den Houses of Parliament"	"user-73_2014-12-17_17-46-33_utt_006.wav"	"big ben is near the houses of parliament"	"big ben is near the houses of parliament"	"incorrect"	"correct"	"M: 1-3 H: 1-2"
"3818"	"Frag: ein Steak"	"user-73_2014-12-17_17-38-41_utt_021.wav"	"i have white sandals"	"i would like the steak*z"	"correct"	"correct"	"M: 3-1 H: 2-1"
"3819"	"Sag: Ich muss gehen"	"user-73_2014-12-17_17-46-33_utt_016.wav"	"i want to go"	"i want to go"	"incorrect"	"incorrect"	"M: 4-0 H: 0-3"
"3821"	"Frag: mein Steak blau"	"user-73_2014-12-17_17-38-41_utt_022.wav"	"i would like my steak room"	"i would like my steak*z blue"	"correct"	"correct"	"M: 2-2 H: 2-1"
"3829"	"Sag: Marble Arch ist gegenüber dem Hyde Park"	"user-73_2014-12-17_17-46-33_utt_024.wav"	"marble arch is opposite hyde park"	"marble arch is opposite of hyde park"	"incorrect"	"correct"	"M: 1-3 H: 1-2"
"3844"	"Frag: Zitronenkuchen"	"user-73_2014-12-17_17-38-41_utt_037.wav"	"i would like a lemon cake"	"i would like the lemon*z cake"	"correct"	"correct"	"M: 3-1 H: 2-1"
"3845"	"Frag: Ich möchte die Rechnung"	"user-73_2014-12-17_17-38-41_utt_038.wav"	"i would like the bill"	"i would like to the bill"	"correct"	"correct"	"M: 3-1 H: 2-1"
"3895"	"Frag: Grösse 37"	"user-73_2014-12-17_17-46-33_utt_092.wav"	"i need a thirty-seven"	"i need thirty-seven"	"incorrect"	"correct"	"M: 2-2 H: 1-2"
"3905"	"Frag: Grösse 40"	"user-73_2014-12-17_17-46-33_utt_105.wav"	"i need forty"	"i need forty"	"incorrect"	"correct"	"M: 3-1 H: 1-2"
"3957"	"Frag: Grösse 41"	"user-73_2014-12-17_17-46-33_utt_177.wav"	"i need forty-one"	"i need forty-one"	"incorrect"	"correct"	"M: 3-1 H: 1-2"
"3972"	"Sag: Dies ist zu weit"	"user-73_2014-12-17_17-46-33_utt_196.wav"	"this is too large"	"this is too large"	"incorrect"	"correct"	"M: 3-1 H: 1-2"
"3978"	"Frag: Grösse 39"	"user-73_2014-12-17_17-46-33_utt_204.wav"	"i leave turkey nights"	"i need thirty-nine"	"incorrect"	"correct"	"M: 3-1 H: 1-2"
"3984"	"Sag: Dies ist zu weit"	"user-73_2014-12-17_17-46-33_utt_211.wav"	"this is too big"	"this is too big"	"incorrect"	"correct"	"M: 2-2 H: 1-2"
"4011"	"Frag: Grösse 39"	"user-73_2014-12-18_11-21-47_utt_005.wav"	"i need thirty night"	"i need thirty-nine"	"incorrect"	"correct"	"M: 3-1 H: 1-2"
"4081"	"Frag: 1 Musical-Ticket"	"user-73_2014-12-18_17-11-49_utt_037.wav"	"i would like a ticket for the musical"	"i would like a ticket for the musical"	"correct"	"correct"	"M: 3-1 H: 2-1"
"4143"	"Frag: Pommes Frittes"	"user-73_2014-12-18_17-11-49_utt_118.wav"	"i would like fries"	"i would like fries"	"incorrect"	"correct"	"M: 3-1 H: 1-2"
"4144"	"Frag: Pommes Frittes"	"user-73_2014-12-18_17-11-49_utt_119.wav"	"i would like friday"	"i would like fries"	"incorrect"	"correct"	"M: 3-1 H: 1-2"
"4150"	"Frag: Wo ist Piccadilly Circus?"	"user-73_2014-12-18_18-01-42_utt_004.wav"	"where is the piccadilly circus"	"where is the piccadilly*v circus"	"incorrect"	"correct"	"M: 1-3 H: 1-2"
"4152"	"Sag: Big Ben ist neben den Houses of Parliament"	"user-73_2014-12-18_18-01-42_utt_007.wav"	"big ben is near the houses of parliament"	"big ben is near the houses of parliament"	"incorrect"	"correct"	"M: 1-3 H: 1-2"
"4168"	"Frag: Grösse 43"	"user-73_2014-12-18_18-01-42_utt_029.wav"	"i need forty-three"	"i need forty-three"	"incorrect"	"correct"	"M: 3-1 H: 1-2"
"4189"	"Frag: Auberginen"	"user-73_2014-12-18_18-01-42_utt_056.wav"	"i would like a hairdryer"	"i would like eggplant"	"correct"	"correct"	"M: 3-1 H: 2-1"
"4266"	"Frag: Rhabarberkuchen"	"user-73_2014-12-18_18-01-42_utt_157.wav"	"i would like the rhubarb pie"	"i would like the rhubarb cake"	"correct"	"correct"	"M: 1-3 H: 2-1"
"4382"	"Sag: Ich möchte mit Kreditkarte bezahlen"	"user-83_2014-10-27_14-15-22_utt_019.wav"	"i want i would pay with credit card"	"i want i would pay with a credit card"	"incorrect"	"correct"	"M: 1-3 H: 1-2"
"4421"	"Frag: Gibt es einen Coiffeur?"	"user-83_2014-11-03_18-30-17_utt_009.wav"	"liz room there is the hairdresser"	"the room number is three oh three on the third floor there is a hairdresser"	"correct"	"correct"	"M: 2-2 H: 2-1"
"4442"	"Frag: 4 Tickets für König der Löwen"	"user-83_2014-11-03_18-41-45_utt_020.wav"	"i want four tickets for the lion king"	"i want four tickets for the lion*z king"	"correct"	"correct"	"M: 3-1 H: 2-1"
"4443"	"Frag: Ticket für dieses Musical"	"user-83_2014-11-03_18-41-45_utt_021.wav"	"double tickets for the musical"	"ticket for the musical"	"correct"	"correct"	"M: 2-2 H: 2-1"
"4447"	"Frag: 3 Tickets"	"user-83_2014-11-03_18-41-45_utt_025.wav"	"three tickets three tickets"	"please three tickets"	"incorrect"	"correct"	"M: 2-2 H: 1-2"
"4476"	"Sag: Mir geht es gut"	"user-83_2014-11-06_19-23-22_utt_010.wav"	"i'm good"	"i'm god"	"incorrect"	"incorrect"	"M: 2-2 H: 1-2"
"4477"	"Sag: Mir geht es gut"	"user-83_2014-11-06_19-23-22_utt_011.wav"	"i'm good"	"i'm god"	"incorrect"	"incorrect"	"M: 2-2 H: 1-2"
"4478"	"Sag: Mir geht es gut"	"user-83_2014-11-06_19-23-22_utt_012.wav"	"i am good"	"i am god"	"incorrect"	"incorrect"	"M: 3-1 H: 1-2"
"4503"	"Frag: mein Steak rare"	"user-83_2014-11-06_19-23-22_utt_046.wav"	"i want my steak rare"	"i want the steak rare*z"	"correct"	"correct"	"M: 3-1 H: 2-1"
"4522"	"Frag: Gibt es einen Lift?"	"user-83_2014-11-07_18-13-18_utt_012.wav"	"where is the lift"	"there is a lift"	"correct"	"correct"	"M: 2-2 H: 2-1"
"4532"	"Sag: Im Zimmer hat es kein Shampoo"	"user-83_2014-11-07_18-13-18_utt_029.wav"	"in the room there are no shampoo"	"in the room there was no shampoo"	"incorrect"	"correct"	"M: 1-3 H: 1-2"
"4533"	"Sag: Im Zimmer hat es kein Shampoo"	"user-83_2014-11-07_18-13-18_utt_030.wav"	"i wish to pay with no shampoo"	"in the room there was no shampoo"	"incorrect"	"correct"	"M: 1-3 H: 1-2"
"4744"	"Sag: Ich heisse Brian"	"user-89_2014-11-07_12-29-49_utt_016.wav"	"my name is brian brown boots"	"my name is brian*z brian*z bond"	"incorrect"	"incorrect"	"M: 2-2 H: 1-2"
"4747"	"Sag: Die Hauptstadt von Italien ist Rom"	"user-89_2014-11-07_12-29-49_utt_019.wav"	"the capital of italy is rome row row"	"the capital of italy is room rom ro*a"	"correct"	"correct"	"M: 2-2 H: 2-1"
"4769"	"Frag: ein weisses Hemd"	"user-89_2014-11-07_12-29-49_utt_052.wav"	"i want a red sweatshirt"	"i want a i i would a white shirt"	"incorrect"	"correct"	"M: 2-2 H: 1-2"
"4770"	"Frag: ein weisses Hemd"	"user-89_2014-11-07_12-29-49_utt_053.wav"	"i would sweatshirt"	"i want*z a white shirt"	"correct"	"correct"	"M: 2-2 H: 2-1"
"4774"	"Frag: Zimmer für 5 Nächte"	"user-89_2014-11-19_11-45-55_utt_003.wav"	"a room for five nights"	"i would stay five nights"	"correct"	"correct"	"M: 2-2 H: 2-1"
"4776"	"Frag: Junior Suite"	"user-89_2014-11-19_11-45-55_utt_006.wav"	"i want a junior suite four"	"i want junior suite -xxx"	"incorrect"	"correct"	"M: 3-1 H: 1-2"
"4796"	"Frag: 3 Tickets für Donnerstagabend"	"user-89_2014-11-20_13-01-12_utt_005.wav"	"i want three tickets for tuesday evening"	"i need three tickets for thursday*z evening"	"incorrect"	"incorrect"	"M: 3-1 H: 1-2"
"4893"	"Frag: eine L"	"user-95_2014-10-25_09-40-47_utt_035.wav"	"big"	"big"	"incorrect"	"correct"	"M: 2-2 H: 1-2"
"4896"	"Sag: Die Jeans ist zu teuer"	"user-95_2014-10-25_09-40-47_utt_038.wav"	"is are too expensive"	"jeans are too expensive"	"incorrect"	"correct"	"M: 3-1 H: 1-2"
"4918"	"Sag: Ich habe keine Reservation"	"user-95_2014-11-01_16-27-26_utt_017.wav"	"no i do not have a reservation forty"	"no i do not have a reservation fuck you"	"correct"	"correct"	"M: 2-2 H: 2-1"
"4940"	"Frag: blaue Stiefel"	"user-99_2014-11-12_13-46-59_utt_012.wav"	"i want have brothers"	"i want to have blue boots"	"correct"	"correct"	"M: 3-1 H: 2-1"
"4943"	"Frag: braune Jeans"	"user-99_2014-11-12_13-46-59_utt_015.wav"	"i want have brown jeans"	"i want to have brown jeans"	"correct"	"correct"	"M: 3-1 H: 2-1"
"5008"	"Sag: Ich möchte mit Schweizer Franken bezahlen"	"user-102_2014-11-12_06-45-05_utt_009.wav"	"i would pay with swiss francs"	"i will pay with swiss francs"	"incorrect"	"correct"	"M: 2-2 H: 1-2"
"5017"	"Sag: Ich bin aus England"	"user-102_2014-11-16_09-56-32_utt_006.wav"	"i am from italy"	"i am from britain*z"	"incorrect"	"correct"	"M: 3-1 H: 1-2"
"5157"	"Frag: Suite"	"user-118_2014-11-28_15-40-46_utt_042.wav"	"a suite"	"suite"	"correct"	"correct"	"M: 3-1 H: 2-1"
"5182"	"Sag: Ich heisse Sarah"	"user-118_2014-11-28_15-40-46_utt_079.wav"	"my name is sarah"	"my name is sarah*z"	"incorrect"	"incorrect"	"M: 3-1 H: 1-2"
"5201"	"Sag: Ich heisse Sarah"	"user-118_2014-11-28_15-40-46_utt_108.wav"	"my name store"	"my name is sarah*z"	"incorrect"	"incorrect"	"M: 3-1 H: 1-2"
"5203"	"Sag: Ich heisse Sarah"	"user-118_2014-11-28_15-40-46_utt_110.wav"	"i'm from"	"i'm sarah*z"	"correct"	"correct"	"M: 2-2 H: 2-1"
"5252"	"Frag: ein Steak"	"user-118_2014-11-28_16-13-59_utt_067.wav"	"can i have a suite"	"can i have a steak*z"	"incorrect"	"correct"	"M: 3-1 H: 1-2"
"5273"	"Sag: Saint Pauls Cathedral ist nahe der Bank of England"	"user-118_2014-11-28_16-13-59_utt_101.wav"	"saint pauls cathedral is near bank of england"	"the saint pauls cathedral is near the bank of england ggg"	"incorrect"	"correct"	"M: 3-1 H: 1-2"
"5312"	"Sag: Ich möchte mit Postkarte bezahlen"	"user-131_2014-09-17_12-08-57_utt_010.wav"	"i want pay by credit card"	"i want to pay with my credit card"	"incorrect"	"incorrect"	"M: 2-2 H: 1-2"
"5315"	"Frag: Zimmer für 4 Nächte"	"user-131_2014-09-19_17-22-35_utt_002.wav"	"i want a for four nights"	"i want to stay for four days"	"incorrect"	"correct"	"M: 2-2 H: 1-2"
"5320"	"Sag: Ich möchte mit Postkarte bezahlen"	"user-131_2014-09-19_17-22-35_utt_008.wav"	"i want pay with the credit card"	"i want to pay with a credit card"	"incorrect"	"incorrect"	"M: 1-3 H: 1-2"
"5337"	"Frag: Zimmer für 4 Nächte"	"user-131_2014-09-19_17-22-35_utt_032.wav"	"room for four nights"	"room for four nights"	"correct"	"correct"	"M: 3-1 H: 2-1"
"5390"	"Frag: Gibt es ein Hotelrestaurant?"	"user-131_2014-09-23_19-36-12_utt_034.wav"	"is there a restaurant"	"is there a restaurant*z"	"correct"	"correct"	"M: 3-1 H: 2-1"
"5391"	"Frag: Gibt es ein Hotelrestaurant?"	"user-131_2014-09-23_19-36-12_utt_035.wav"	"is there a restaurant"	"is there a restaurant*z"	"correct"	"correct"	"M: 3-1 H: 2-1"
"5392"	"Frag: Gibt es ein Hotelrestaurant?"	"user-131_2014-09-23_19-36-12_utt_036.wav"	"is there a does dollars"	"is there a restaurant*z"	"correct"	"correct"	"M: 3-1 H: 2-1"
"5401"	"Sag: Ich möchte mit Visa bezahlen"	"user-135_2014-09-17_13-20-12_utt_011.wav"	"i like to pay with visa"	"like to pay with visa"	"incorrect"	"correct"	"M: 3-1 H: 1-2"
"5411"	"Frag: Gibt es ein Hotelrestaurant?"	"user-135_2014-09-17_13-20-12_utt_028.wav"	"i'd like a hotel restaurant"	"a hotel restaurant"	"incorrect"	"correct"	"M: 2-2 H: 1-2"
"5423"	"Frag: Gibt es eine Hotelbar?"	"user-135_2014-09-17_13-20-12_utt_045.wav"	"is there a hotel bar"	"gives there a hotel bar"	"incorrect"	"correct"	"M: 2-2 H: 1-2"
"5426"	"Frag: ein Ticket nach London"	"user-135_2014-09-17_13-20-12_utt_050.wav"	"ticket to london"	"ticket to london"	"correct"	"correct"	"M: 2-2 H: 2-1"
"5433"	"Sag: Ich heisse Brian"	"user-135_2014-09-17_13-20-12_utt_061.wav"	"i am fine"	"name is brian"	"incorrect"	"correct"	"M: 3-1 H: 1-2"
"5502"	"Frag: Gibt es einen Lebensmittelladen?"	"user-158_2014-09-11_17-50-46_utt_012.wav"	"where is the supermarket"	"where is the supermarket"	"correct"	"correct"	"M: 1-3 H: 2-1"
"5520"	"Frag: Zimmer für 6 Nächte"	"user-158_2014-09-16_16-39-44_utt_016.wav"	"six nights"	"six nights"	"correct"	"correct"	"M: 2-2 H: 2-1"
"5571"	"Frag: Wo ist der Haarföhn?"	"user-159_2014-09-11_17-30-50_utt_038.wav"	"where can i find the hairdryer"	"where i can find the hairdryer"	"correct"	"correct"	"M: 1-3 H: 2-1"
"5601"	"Frag: Wie viel kostet es?"	"user-159_2014-09-11_17-30-50_utt_078.wav"	"how much does it cost"	"how much does it xxx"	"correct"	"correct"	"M: 3-1 H: 2-1"
"5636"	"Sag: Ich möchte mit Kreditkarte bezahlen"	"user-159_2014-09-13_09-58-10_utt_043.wav"	"i want to pay with credit card"	"i want to pay with credit card"	"incorrect"	"correct"	"M: 4-0 H: 0-3"
"5663"	"Frag: Wo ist der Haarföhn?"	"user-159_2014-09-13_09-58-10_utt_079.wav"	"i haven't got a hairdryer"	"have you got a hairdryer"	"correct"	"correct"	"M: 3-1 H: 2-1"
"5667"	"Sag: Ich möchte mit Kreditkarte bezahlen"	"user-159_2014-09-13_09-58-10_utt_088.wav"	"i want to pay with mastercard"	"i want to pay with mastercard"	"incorrect"	"correct"	"M: 3-1 H: 1-2"
"5697"	"Frag: Wo ist der Lebensmittelladen?"	"user-159_2014-09-15_17-16-32_utt_023.wav"	"there is grocery store"	"where is this grocery store"	"correct"	"correct"	"M: 3-1 H: 2-1"
"5726"	"Sag: Ich heisse Janet"	"user-159_2014-09-15_17-16-32_utt_069.wav"	"my name is janet"	"my name is janet*z"	"correct"	"correct"	"M: 3-1 H: 2-1"
"5733"	"Sag: Ich möchte am Samstagabend abreisen"	"user-159_2014-09-15_17-16-32_utt_081.wav"	"i want to leave on saturday evening"	"i want to leave the saturday evening"	"correct"	"correct"	"M: 3-1 H: 2-1"
"5756"	"Sag: Ich möchte um 20 Uhr morgen abreisen"	"user-159_2014-09-16_16-11-58_utt_004.wav"	"i would like to leave at eight o'clock p m"	"i would like to leave at eight o'clock p m"	"incorrect"	"incorrect"	"M: 2-2 H: 1-2"
"5765"	"Sag: Ich möchte um 10 Uhr morgen abreisen"	"user-159_2014-09-16_16-11-58_utt_017.wav"	"i would like to leave at tomorrow at ten a m"	"i would like to leave at tomorrow at ten a m"	"incorrect"	"correct"	"M: 2-2 H: 1-2"
"5789"	"Sag: Ich möchte um 11 Uhr morgen abreisen"	"user-159_2014-09-17_13-11-25_utt_003.wav"	"i would like to leave at eleven my toilet i would like to leave at friday i would like to leave at eleven a m tomorrow"	"i would like to leave at ele*a was*v nei*v enschuldigung*v i would like to leave at ich*v weiss*v  i would like to leave at eleven a m tomorrow"	"incorrect"	"correct"	"M: 3-1 H: 1-2"
"5866"	"Frag: eine L"	"user-159_2014-09-20_08-45-50_utt_020.wav"	"i need a large"	"i need large"	"incorrect"	"correct"	"M: 3-1 H: 1-2"
"5876"	"Frag: eine L"	"user-159_2014-09-20_08-45-50_utt_034.wav"	"i need a large"	"i need large"	"incorrect"	"correct"	"M: 3-1 H: 1-2"
"5934"	"Frag: eine L"	"user-159_2014-09-22_19-02-57_utt_010.wav"	"i need a large"	"i need large"	"incorrect"	"correct"	"M: 3-1 H: 1-2"
"5950"	"Frag: ein Steak"	"user-159_2014-09-24_16-22-54_utt_003.wav"	"can i have the steak please"	"can i have the steak*z please"	"incorrect"	"correct"	"M: 3-1 H: 1-2"
"5977"	"Frag: eine Limonade"	"user-159_2014-09-24_16-22-54_utt_036.wav"	"i would like a lemonade"	"i would like a lemonade*z"	"correct"	"correct"	"M: 3-1 H: 2-1"
"5994"	"Frag: eine Cola"	"user-159_2014-09-24_16-22-54_utt_057.wav"	"i want a paula"	"i want a cola"	"incorrect"	"correct"	"M: 2-2 H: 1-2"
"5995"	"Frag: eine Cola"	"user-159_2014-09-24_16-22-54_utt_058.wav"	"i would like a cola"	"i would like a cola"	"incorrect"	"correct"	"M: 3-1 H: 1-2"
"6074"	"Sag: Big Ben ist neben den Houses of Parliament"	"user-159_2014-10-22_18-48-01_utt_074.wav"	"big ben is near the houses of parliament"	"big ben is near the houses of parliament"	"incorrect"	"correct"	"M: 1-3 H: 1-2"
"6075"	"Sag: Big Ben ist neben den Houses of Parliament"	"user-159_2014-10-22_18-48-01_utt_075.wav"	"big ben is near the houses of parliament"	"big ben is near the houses of parliament"	"incorrect"	"correct"	"M: 1-3 H: 1-2"
"6076"	"Sag: Big Ben ist neben den Houses of Parliament"	"user-159_2014-10-22_18-48-01_utt_076.wav"	"big ben is near the houses of parliament"	"big ben is near the houses of parliament"	"incorrect"	"correct"	"M: 1-3 H: 1-2"
"6080"	"Sag: Big Ben ist neben den Houses of Parliament"	"user-159_2014-10-22_18-48-01_utt_083.wav"	"big ben is next to the big ben is near the houses of parliament"	"big ben is next to the oh big ben is near the houses of parliament"	"incorrect"	"correct"	"M: 1-3 H: 1-2"
"6109"	"Frag: 4 Tickets für Wicked"	"user-159_2014-10-23_19-48-55_utt_037.wav"	"i would like four tickets for wicked"	"i would like four tickets for wicked*z"	"correct"	"correct"	"M: 3-1 H: 2-1"
"6183"	"Frag: die Tagessuppe"	"user-162_2014-09-11_19-18-57_utt_061.wav"	"i'd like the soup of the day"	"like the soup of the day"	"incorrect"	"correct"	"M: 3-1 H: 1-2"
"6194"	"Sag: Ich möchte mit Visa bezahlen"	"user-166_2014-09-15_18-01-46_utt_011.wav"	"can i pay with visa"	"can i pay with v*a visa"	"correct"	"correct"	"M: 3-1 H: 2-1"
"6229"	"Frag: Gibt es einen Lebensmittelladen?"	"user-152_2014-10-28_07-44-29_utt_008.wav"	"do you have hairdryer leave store"	"do you have a grocery*z store"	"correct"	"correct"	"M: 3-1 H: 2-1"
"6234"	"Frag: ein Ticket für Sonntagabend"	"user-152_2014-10-28_07-44-29_utt_015.wav"	"i would like to go on sunday evening"	"i would like to go on sunday evening"	"correct"	"correct"	"M: 3-1 H: 2-1"
"6243"	"Frag: Zimmer für 3 Nächte"	"user-158_2014-10-26_17-29-06_utt_002.wav"	"twin room"	"three nights"	"correct"	"correct"	"M: 3-1 H: 2-1"
"6244"	"Frag: Zimmer für 3 Nächte"	"user-158_2014-10-26_17-29-06_utt_003.wav"	"single room"	"three nights"	"correct"	"correct"	"M: 3-1 H: 2-1"
"6268"	"Sag: Mir geht es gut"	"user-158_2014-10-26_17-38-33_utt_003.wav"	"the ordered"	"good"	"incorrect"	"correct"	"M: 1-3 H: 1-2"
"6269"	"Sag: Mir geht es gut"	"user-158_2014-10-26_17-38-33_utt_004.wav"	"room"	"good"	"incorrect"	"correct"	"M: 1-3 H: 1-2"
"6400"	"Sag: Ich möchte am Donnerstagabend gehen"	"user-167_2014-10-30_19-41-32_utt_024.wav"	"i would like to go on thursday evening"	"i would like to go at donn*a thursday*z evening"	"incorrect"	"correct"	"M: 1-3 H: 1-2"
"6434"	"Sag: Ich möchte mit Postkarte bezahlen"	"user-179_2014-09-26_07-35-23_utt_010.wav"	"liz i want to pay with my credit card"	"xxx i want to xxx i want to pay with my credit card fuckin"	"incorrect"	"incorrect"	"M: 2-2 H: 1-2"
"6435"	"Sag: Ich möchte mit Postkarte bezahlen"	"user-179_2014-09-26_07-35-23_utt_011.wav"	"i want to pay with my credit card"	"i want to pay with with my credit card"	"incorrect"	"incorrect"	"M: 2-2 H: 1-2"
"6439"	"Frag: Zimmer für 7 Nächte"	"user-179_2014-09-26_07-35-23_utt_018.wav"	"i liz's a lemonade paolo have um can i have a room for seven nights"	"xxx help me out can i have a room for seven nights"	"correct"	"correct"	"M: 2-2 H: 2-1"
"6563"	"Sag: Ich möchte mit Visa bezahlen"	"user-213_2014-06-03_15-31-28_utt_028.wav"	"can i pay with visa"	"can i pay with visa*z"	"correct"	"correct"	"M: 3-1 H: 2-1"
"6571"	"Sag: Ich bin aus Italien"	"user-213_2014-06-03_15-31-28_utt_040.wav"	"i'm from italy"	"i'm from italian"	"incorrect"	"correct"	"M: 1-3 H: 1-2"
"6600"	"Frag: ein Wasser mit Kohlensäure"	"user-213_2014-06-17_18-53-25_utt_023.wav"	"i would like a sparkling water"	"i would like a sparkling*z water"	"correct"	"correct"	"M: 2-2 H: 2-1"
"6607"	"Frag: Ich möchte die Rechnung"	"user-213_2014-06-17_18-53-25_utt_030.wav"	"can i pay with euro"	"thank you can i take the bill"	"incorrect"	"correct"	"M: 1-3 H: 1-2"
"6613"	"Frag: Ich möchte die Dessertkarte"	"user-213_2014-06-17_18-53-25_utt_038.wav"	"could i see the dessert menu"	"could i see the desert menu"	"incorrect"	"correct"	"M: 2-2 H: 1-2"
"6624"	"Frag: Apfelkuchen"	"user-213_2014-06-17_18-53-25_utt_052.wav"	"i would like the apple cake"	"i would like the apple cake"	"correct"	"correct"	"M: 2-2 H: 2-1"
"6644"	"Frag: einen Hamburger"	"user-213_2014-06-18_12-50-21_utt_026.wav"	"i would like a hamburger"	"i would like a hamburger*z"	"correct"	"correct"	"M: 3-1 H: 2-1"
"6648"	"Frag: Ich möchte die Dessertkarte"	"user-213_2014-06-18_12-50-21_utt_030.wav"	"could i see the dessert menu"	"could i see the desert menu"	"incorrect"	"correct"	"M: 2-2 H: 1-2"
"6650"	"Frag: Apfelkuchen"	"user-213_2014-06-18_12-50-21_utt_032.wav"	"i would like the lemon cake"	"i would like the apple*z cake"	"incorrect"	"correct"	"M: 2-2 H: 1-2"
"6683"	"Frag: Twinzimmer"	"user-213_2014-06-28_16-44-13_utt_018.wav"	"can i have a twin room"	"can i have a twinny room"	"incorrect"	"correct"	"M: 2-2 H: 1-2"
"6692"	"Sag: Ich bin aus Spanien"	"user-213_2014-06-28_16-44-13_utt_030.wav"	"i'm from spain"	"i'm from spain*z"	"correct"	"correct"	"M: 3-1 H: 2-1"
"6694"	"Sag: Die Hauptstadt von Spanien ist Madrid"	"user-213_2014-06-28_16-44-13_utt_032.wav"	"capital of spain is madrid"	"capital of spain is madrid"	"incorrect"	"correct"	"M: 2-2 H: 1-2"
